Date,Open,High,Low,Close
2020-06-09,9709,9855,9630,9758
2020-06-10,9757,9975,9717,9870
2020-06-11,9870,9959,9198,9338
2020-06-12,9343,9558,9245,9457
2020-06-13,9457,9492,9366,9407
2020-06-14,9408,9478,9336,9384
2020-06-15,9384,9484,8927,9484
2020-06-16,9483,9594,9383,9499
2020-06-17,9499,9553,9255,9379
2020-06-18,9373,9476,9318,9349
2020-06-19,9349,9417,9237,9316
2020-06-20,9317,9347,9211,9319
2020-06-21,9319,9405,9301,9313
2020-06-22,9313,9655,9278,9640
2020-06-23,9640,9752,9579,9644
2020-06-24,9635,9669,9216,9296
2020-06-25,9296,9320,9018,9278
2020-06-26,9277,9333,9053,9201
2020-06-27,9201,9212,8859,8957
2020-06-28,8957,9189,8945,9111
2020-06-29,9111,9192,9034,9178
2020-06-30,9179,9231,9069,9150
2020-07-01,9150,9300,9102,9243
2020-07-02,9243,9266,8963,9087
2020-07-03,9087,9147,9066,9097
2020-07-04,9097,9188,9054,9132
2020-07-05,9131,9149,9012,9022
2020-07-06,9022,9353,8938,9280
2020-07-07,9279,9372,9220,9258
2020-07-08,9258,9462,9239,9435
2020-07-09,9435,9473,9197,9244
2020-07-10,9244,9260,9133,9237
2020-07-11,9237,9313,9190,9224
2020-07-12,9224,9345,9176,9240
2020-07-13,9239,9332,9210,9256
2020-07-14,9256,9278,9135,9272
2020-07-15,9272,9277,9170,9216
2020-07-16,9216,9231,9051,9103
2020-07-17,9104,9185,8608,9159
2020-07-18,9159,9208,9131,9185
2020-07-19,9185,9192,9119,9176
2020-07-20,9176,9225,9149,9178
2020-07-21,9178,9440,9155,9382
2020-07-22,9382,9402,9305,9380
2020-07-23,9380,9674,9376,9594
2020-07-24,9594,9634,9482,9629
2020-07-25,9629,9742,9538,9734
2020-07-26,9729,10128,9670,9893
2020-07-27,9893,10906,9882,10862
2020-07-28,10889,11387,10595,10982
2020-07-29,10982,11290,10855,11230
2020-07-30,11219,11335,10871,11155
2020-07-31,11152,11462,10981,11359
2020-08-01,11359,11874,11245,11835
2020-08-02,11835,12097,10711,11102
2020-08-03,11097,11479,10986,11387
2020-08-04,11387,11421,11068,11213
2020-08-05,11216,11724,11117,11692
2020-08-06,11692,11917,11590,11854
2020-08-07,11854,11920,11370,11581
2020-08-08,11581,11812,11549,11715
2020-08-09,11715,11803,11542,11681
2020-08-10,11681,12070,11557,11866
2020-08-11,11871,11940,11159,11239
2020-08-12,11239,11624,11151,11573
2020-08-13,11575,11655,11291,11640
2020-08-14,11621,11864,11621,11777
2020-08-15,11777,11987,11731,11876
2020-08-16,11876,11981,11716,11857
2020-08-17,11857,12466,11779,12329
2020-08-18,12331,12413,11875,12035
2020-08-19,12035,12103,11630,11728
2020-08-20,11733,11896,11697,11871
2020-08-21,11871,11899,11624,11634
2020-08-22,11625,11658,11395,11616
2020-08-23,11616,11724,11537,11680
2020-08-24,11674,11832,11609,11743
2020-08-25,11743,11792,11150,11272
2020-08-26,11275,11542,11270,11499
2020-08-27,11499,11573,11152,11272
2020-08-28,11271,11553,11258,11500
2020-08-29,11500,11591,11448,11528
2020-08-30,11528,11694,11477,11643
2020-08-31,11643,11785,11580,11683
2020-09-01,11685,12062,11561,12023
2020-09-02,12023,12051,11223,11372
2020-09-03,11372,11461,10558,10794
2020-09-04,10793,10812,10042,10610
2020-09-05,10610,10639,9905,10112
2020-09-06,10112,10308,9970,10242
2020-09-07,10243,10354,9893,10142
2020-09-08,10142,10437,9953,10030
2020-09-09,10027,10351,9891,10265
2020-09-10,10265,10476,10187,10307
2020-09-11,10308,10384,10222,10329
2020-09-12,10329,10485,10289,10447
2020-09-13,10446,10586,10231,10324
2020-09-14,10324,10752,10262,10694
2020-09-15,10697,10944,10634,10870
2020-09-16,10870,11101,10681,11000
2020-09-17,11000,11058,10765,10938
2020-09-18,10938,11040,10833,10900
2020-09-19,10900,11164,10892,11093
2020-09-20,11093,11093,10782,10861
2020-09-21,10858,10988,10323,10479
2020-09-22,10479,10539,10379,10520
2020-09-23,10521,10579,10144,10216
2020-09-24,10216,10705,10204,10637
2020-09-25,10624,10772,10576,10713
2020-09-26,10713,10798,10661,10720
2020-09-27,10721,10802,10609,10727
2020-09-28,10727,10948,10712,10871
2020-09-29,10871,10892,10647,10761
2020-09-30,10761,10865,10675,10711
2020-10-01,10707,10920,10471,10613
2020-10-02,10613,10668,10401,10540
2020-10-03,10540,10607,10475,10580
2020-10-04,10580,10700,10536,10652
2020-10-05,10652,10754,10635,10741
2020-10-06,10740,10797,10544,10557
2020-10-07,10557,10678,10546,10660
2020-10-08,10662,10945,10558,10894
2020-10-09,10894,11099,10848,11042
2020-10-10,11041,11464,11029,11371
2020-10-11,11371,11436,11277,11350
2020-10-12,11342,11599,11225,11564
2020-10-13,11564,11719,11322,11437
2020-10-14,11437,11546,11306,11396
2020-10-15,11398,11593,11288,11544
2020-10-16,11558,11558,11231,11314
2020-10-17,11319,11406,11283,11356
2020-10-18,11357,11500,11345,11447
2020-10-19,11447,11811,11419,11732
2020-10-20,11732,12044,11693,11904
2020-10-21,11904,12905,11889,12853
2020-10-22,12856,13216,12706,13128
2020-10-23,13128,13197,12746,12941
2020-10-24,12941,13161,12887,13103
2020-10-25,13103,13339,12911,13040
2020-10-26,13038,13242,12810,13025
2020-10-27,13025,13754,13000,13632
2020-10-28,13619,13847,12925,13208
2020-10-29,13208,13641,12990,13482
2020-10-30,13484,13673,13146,13644
2020-10-31,13644,14047,13440,13841
2020-11-01,13847,13894,13645,13816
2020-11-02,13816,13837,13243,13622
2020-11-03,13619,13798,13308,13733
2020-11-04,13733,14240,13556,14002
2020-11-05,14005,15291,14005,15244
2020-11-06,15244,15937,15206,15561
2020-11-07,15549,15760,14428,14846
2020-11-08,14846,15652,14692,15347
2020-11-09,15333,15845,14866,15392
2020-11-10,15392,15470,15092,15393
2020-11-11,15393,15959,15293,15799
2020-11-12,15799,16204,15499,16150
2020-11-13,16155,16486,15984,16287
2020-11-14,16287,16362,15738,15997
2020-11-15,15996,16149,15824,15865
2020-11-16,15859,16885,15795,16717
2020-11-17,16717,17837,16569,17627
2020-11-18,17633,18467,17318,17781
2020-11-19,17781,18163,17377,17939
2020-11-20,17939,18809,17732,18586
2020-11-21,18586,18964,18443,18638
2020-11-22,18635,18733,17666,18585
2020-11-23,18585,18759,18012,18426
2020-11-24,18419,19414,18120,18938
2020-11-25,18938,19495,18649,18846
2020-11-26,18859,18924,16311,17122
2020-11-27,17122,17463,16508,17037
2020-11-28,17037,17891,16895,17764
2020-11-29,17765,18330,17556,18267
2020-11-30,18267,19835,18094,19376
2020-12-01,19380,19928,18229,19089
2020-12-02,19089,19337,18362,19161
2020-12-03,19160,19618,18920,19465
2020-12-04,19465,19550,18735,18833
2020-12-05,18828,19186,18512,19019
2020-12-06,19019,19339,18895,19246
2020-12-07,19249,19429,18924,19087
2020-12-08,19087,19302,18632,18784
2020-12-09,18776,18823,17653,18550
2020-12-10,18550,18650,17938,18352
2020-12-11,18351,18396,17604,18106
2020-12-12,18106,18837,18033,18794
2020-12-13,18800,19414,18734,19182
2020-12-14,19182,19314,18996,19201
2020-12-15,19199,19561,19086,19431
2020-12-16,19431,21275,19319,21240
2020-12-17,21200,23685,21200,22767
2020-12-18,22775,23278,22398,22911
2020-12-19,22898,24128,22805,24004
2020-12-20,23988,24244,23117,23494
2020-12-21,23406,24094,22080,23146
2020-12-22,23138,23598,22385,23434
2020-12-23,23434,24085,22863,23299
2020-12-24,23295,23546,22689,23384
2020-12-25,23399,24657,23379,24409
2020-12-26,24409,26753,24379,26648
2020-12-27,26666,28326,25824,26303
2020-12-28,26303,27404,26136,26634
2020-12-29,26606,27164,25926,26870
2020-12-30,26870,28980,26870,28896
2020-12-31,28898,29298,27989,28966
2021-01-01,28965,29650,28754,29259
2021-01-02,29243,33219,29050,31690
2021-01-03,31714,34524,31494,33581
2021-01-04,33581,33649,28258,31027
2021-01-05,31029,34221,29991,33788
2021-01-06,33788,36452,33478,35848
2021-01-07,35934,40358,35806,39596
2021-01-08,39596,41958,36722,39927
2021-01-09,39927,41401,38775,40769
2021-01-10,40802,41423,35193,37984
2021-01-11,37984,38931,30323,34184
2021-01-12,34088,36612,32585,34766
2021-01-13,34736,37358,32466,37248
2021-01-14,37248,40030,36799,38863
2021-01-15,38757,39673,34446,36324
2021-01-16,36324,37938,35624,35785
2021-01-17,35935,36828,33928,36530
2021-01-18,36530,37433,34841,36255
2021-01-19,36252,37843,36170,36494
2021-01-20,36494,36788,33487,34892
2021-01-21,34919,35664,31048,31275
2021-01-22,31275,33842,28898,33375
2021-01-23,33375,33642,31471,32340
2021-01-24,32399,33069,31012,31934
2021-01-25,31934,34860,31731,32643
2021-01-26,32681,32812,30921,31993
2021-01-27,31993,32879,29288,31030
2021-01-28,30941,33286,29970,33274
2021-01-29,33274,38641,32002,34715
2021-01-30,34642,35344,32880,34649
2021-01-31,34649,34789,32237,32626
2021-02-01,32608,34698,32397,33667
2021-02-02,33667,35982,33470,35686
2021-02-03,35710,37450,35473,37284
2021-02-04,37284,38725,36281,37712
2021-02-05,37687,38325,36642,37853
2021-02-06,37853,40972,37714,40103
2021-02-07,40085,40481,37422,38610
2021-02-08,38610,44797,38085,44797
2021-02-09,44692,48219,44356,47357
2021-02-10,47357,47357,43783,45039
2021-02-11,45050,48593,44090,46943
2021-02-12,46943,48842,46438,47853
2021-02-13,47962,48143,46342,47210
2021-02-14,47210,49698,46954,48921
2021-02-15,48840,49277,45944,48183
2021-02-16,48183,50513,47186,48642
2021-02-17,48607,52619,48590,52333
2021-02-18,52333,52524,51023,52059
2021-02-19,52051,56211,50880,55493
2021-02-20,55493,57485,55101,56501
2021-02-21,56523,58315,54040,57332
2021-02-22,57332,57616,48034,54919
2021-02-23,54919,55032,45212,48016
2021-02-24,48084,51337,47039,48720
2021-02-25,48720,52054,48119,48199
2021-02-26,48199,48821,44246,45621
2021-02-27,45680,48321,45118,46844
2021-02-28,46844,46859,43197,45255
2021-03-01,45254,49412,44970,48844
2021-03-02,48844,50200,47144,47477
2021-03-03,47466,52564,47422,50952
2021-03-04,50952,51777,47555,47924
2021-03-05,47917,49442,46472,49138
2021-03-06,49138,49391,47147,48583
2021-03-07,48592,51343,48552,50104
2021-03-08,50104,51949,49368,51896
2021-03-09,51883,54818,51448,54313
2021-03-10,54313,57357,53235,56932
2021-03-11,56954,57918,54416,57721
2021-03-12,57721,58118,55160,56981
2021-03-13,56990,61732,56144,61002
2021-03-14,61002,61674,59348,60173
2021-03-15,60259,60738,55030,56398
2021-03-16,56398,56952,53311,56379
2021-03-17,56392,58197,54298,57834
2021-03-18,57706,60040,57145,57533
2021-03-19,57533,59436,56303,58426
2021-03-20,58404,59909,57890,58466
2021-03-21,58466,58792,55578,57792
2021-03-22,57788,58373,54316,54610
2021-03-23,54610,55816,53100,54346
2021-03-24,54445,57159,53294,54175
2021-03-25,54175,54175,50485,51989
2021-03-26,51989,54262,51309,54014
2021-03-27,54014,56254,53986,55916
2021-03-28,55909,56616,54740,54863
2021-03-29,54863,58335,54830,57176
2021-03-30,57250,59408,57078,58671
2021-03-31,58671,59831,57054,58932
2021-04-01,58932,59441,58021,58855
2021-04-02,58862,60118,58526,58655
2021-04-03,58655,59797,57848,58063
2021-04-04,58038,58463,56504,58030
2021-04-05,58030,59231,56886,58810
2021-04-06,58800,59469,57391,58244
2021-04-07,58244,58624,55494,56157
2021-04-08,56221,58134,55752,57681
2021-04-09,57677,58879,57473,58354
2021-04-10,58354,61197,57876,58621
2021-04-11,58606,60649,58599,59607
2021-04-12,59607,61224,59429,60011
2021-04-13,60000,63621,59783,63196
2021-04-14,63196,64788,61368,62357
2021-04-15,62403,63649,62034,63381
2021-04-16,63381,63769,60081,61962
2021-04-17,61977,62490,59747,60843
2021-04-18,60843,60966,51907,56239
2021-04-19,56231,57554,54305,56175
2021-04-20,56175,57035,53463,56852
2021-04-21,56781,57079,54346,55029
2021-04-22,55029,55410,51515,51843
2021-04-23,51597,52220,47657,50620
2021-04-24,50556,51215,48821,50955
2021-04-25,50955,51113,48075,48075
2021-04-26,48065,54363,47110,53297
2021-04-27,53297,55289,52689,55067
2021-04-28,55180,56369,53913,54456
2021-04-29,54456,55191,52408,53006
2021-04-30,52991,57295,52871,56803
2021-05-01,56812,58459,56726,57700
2021-05-02,57685,57948,56130,57016
2021-05-03,57016,58973,56306,56826
2021-05-04,56821,57465,53330,54842
2021-05-05,54842,57909,53058,56854
2021-05-06,56863,58334,55427,55987
2021-05-07,55987,58683,55350,57699
2021-05-08,57713,59556,56915,59014
2021-05-09,59014,59318,56530,57982
2021-05-10,58001,59552,54000,55328
2021-05-11,55328,56949,54612,56942
2021-05-12,56942,57977,53646,54540
2021-05-13,54540,54820,46710,49253
2021-05-14,49253,51543,48528,49351
2021-05-15,49351,50661,47128,48255
2021-05-16,48266,49812,43893,44062
2021-05-17,44062,46552,42162,44843
2021-05-18,44853,45816,42539,43318
2021-05-19,43367,43569,30445,38390
2021-05-20,38468,42569,35132,40108
2021-05-21,40108,42124,35263,35263
2021-05-22,35250,38800,33623,38086
2021-05-23,38093,38397,31228,33791
2021-05-24,33791,39831,33715,38999
2021-05-25,39067,39845,36553,37656
2021-05-26,37656,40859,37526,38731
2021-05-27,38756,40401,37266,38476
2021-05-28,38476,39189,35201,35245
2021-05-29,35260,37236,33687,34266
2021-05-30,34266,36354,33554,36115
2021-05-31,36080,37465,34230,36677
2021-06-01,36677,37852,35792,36330
2021-06-02,36313,38213,35976,37739
2021-06-03,37739,39469,37249,38693
2021-06-04,38691,39277,35626,37071
2021-06-05,37071,37942,35396,35826
2021-06-06,35857,36454,34874,35897
2021-06-07,35938,36767,34155,34471
2021-06-08,34454,34630,31101,33638
2021-06-09,33625,36825,32466,36406
2021-06-10,36387,38389,35850,36410
2021-06-11,36410,37537,36217,37331
2021-06-12,37331,37342,35509,36041
2021-06-13,36041,38830,34982,38830
2021-06-14,40926,40926,39382,39809
2021-06-15,39836,41289,39612,39949
2021-06-16,39943,40473,38364,38550
2021-06-17,38550,39510,37448,37752
2021-06-18,37752,38186,35204,35493
2021-06-19,35493,36396,34888,36193
2021-06-20,36193,36193,33400,35853
2021-06-21,35853,35905,31822,32622
2021-06-22,32622,33240,29002,32895
2021-06-23,32895,34789,31772,33066
2021-06-24,33066,35228,32364,34857
2021-06-25,34858,35496,31508,32212
2021-06-26,32212,32638,30190,31329
2021-06-27,31315,33555,30968,32648
2021-06-28,32648,35224,32493,34721
2021-06-29,34682,36548,34142,36156
2021-06-30,36156,36301,34075,34585
2021-07-01,34585,35203,32819,33411
2021-07-02,33411,33955,32747,33124
2021-07-03,33124,34926,33106,34715
2021-07-04,34715,35679,34297,35542
2021-07-05,35542,35945,33171,33847
2021-07-06,33847,35058,33601,33941
2021-07-07,33941,35040,33724,34550
2021-07-08,34550,34550,32142,32788
2021-07-09,32788,33667,32302,33508
2021-07-10,33508,34229,33098,33329
2021-07-11,33329,34077,33279,33859
2021-07-12,33859,34611,32660,32833
2021-07-13,32833,33315,32239,32519
2021-07-14,32519,33066,31628,32811
2021-07-15,32811,33162,31174,31748
2021-07-16,31748,32233,31085,31850
2021-07-17,31850,31932,31224,31755
2021-07-18,31755,32404,31159,31663
2021-07-19,31663,31920,30568,30793
2021-07-20,30793,31004,29336,29864
2021-07-21,29864,32800,29513,31864
2021-07-22,31864,32597,31716,32257
2021-07-23,32257,32879,32038,32477
2021-07-24,32477,34518,32476,33919
2021-07-25,33919,34800,33851,34481
2021-07-26,34481,40502,34455,37598
2021-07-27,37598,38732,36453,38000
2021-07-28,38000,40830,37988,40068
2021-07-29,40068,40630,39337,39722
2021-07-30,39722,41290,38389,40860
2021-07-31,40860,42247,40693,41516
2021-08-01,41516,42551,40694,41310
2021-08-02,41310,41313,38720,38857
2021-08-03,38861,39773,37768,38113
2021-08-04,38113,39851,37558,39706
2021-08-05,39745,41367,37454,40908
2021-08-06,40908,43314,39942,42673
2021-08-07,42696,44557,42404,43945
2021-08-08,43945,45276,43331,43855
2021-08-09,43855,46431,42832,45482
2021-08-10,45482,46608,44695,45627
2021-08-11,45627,46752,45276,46340
2021-08-12,46340,46391,43844,44440
2021-08-13,44440,47775,43912,47545
2021-08-14,47545,48103,46201,46665
2021-08-15,46665,47349,45615,46750
2021-08-16,46750,48047,45728,46065
2021-08-17,46065,47140,44601,45017
2021-08-18,45017,45965,44283,44593
2021-08-19,44593,46831,44016,46568
2021-08-20,46587,48993,46361,48653
2021-08-21,48653,49799,48374,48988
2021-08-22,49070,49466,48225,48425
2021-08-23,48425,50478,48315,49509
2021-08-24,49525,49852,47856,48364
2021-08-25,48364,49147,47193,48748
2021-08-26,48721,49372,46444,47048
2021-08-27,47048,49076,46383,48946
2021-08-28,48913,49306,48405,48760
2021-08-29,48760,49605,47922,48897
2021-08-30,48927,49394,47500,48670
2021-08-31,48670,48679,46725,46996
2021-09-01,47008,48953,46567,48279
2021-09-02,48271,50333,48268,49556
2021-09-03,49553,50999,48379,50184
2021-09-04,50152,50543,49535,50195
2021-09-05,50195,51652,49527,51652
2021-09-06,51753,52142,51044,51930
2021-09-07,51930,52918,43917,46777
2021-09-08,46825,47357,44548,46154
2021-09-09,46154,47384,45586,46268
2021-09-10,46265,47041,44879,45094
2021-09-11,45094,46000,44304,45333
2021-09-12,45317,46198,44781,45023
2021-09-13,45023,46697,43561,45144
2021-09-14,45186,46926,44724,46828
2021-09-15,46828,48436,46418,47948
2021-09-16,47941,48497,47063,47102
2021-09-17,47102,48167,46775,47028
2021-09-18,47028,48797,46828,48008
2021-09-19,48008,48359,47182,47588
2021-09-20,47588,47660,42636,43489
2021-09-21,43489,43904,40391,40971
2021-09-22,40971,43988,39721,43445
2021-09-23,43445,44932,43051,44679
2021-09-24,44679,45076,40944,43001
2021-09-25,43001,43162,41750,42719
2021-09-26,42719,43695,40827,43607
2021-09-27,43607,44318,42689,42696
2021-09-28,42708,43364,41145,41792
2021-09-29,41792,42538,40806,41114
2021-09-30,41133,44110,40984,43432
2021-10-01,43432,48122,43302,48110
2021-10-02,48139,48441,47480,48045
2021-10-03,48045,49158,47139,48552
2021-10-04,48465,49491,46993,49016
2021-10-05,49016,51757,48595,51378
2021-10-06,51378,55399,50476,54903
2021-10-07,54903,55588,53496,54205
2021-10-08,54205,55981,53659,53951
2021-10-09,53951,55410,53738,54651
2021-10-10,54651,56370,54211,55425
2021-10-11,55425,57767,54445,57390
2021-10-12,57390,57631,54404,55364
2021-10-13,55364,57479,54325,56988
2021-10-14,56988,58488,56916,57491
2021-10-15,57449,62719,56896,62496
2021-10-16,62496,62526,60184,61024
2021-10-17,61013,61408,59071,59472
2021-10-18,59472,62626,59395,61445
2021-10-19,61369,64322,61139,64120
2021-10-20,64120,66923,63594,65971
2021-10-21,65980,66612,62368,62707
2021-10-22,62707,63694,60100,60752
2021-10-23,60728,61716,59764,61087
2021-10-24,61087,61451,59571,61124
2021-10-25,61153,63688,60654,62546
2021-10-26,62546,63272,61863,62068
2021-10-27,62095,62095,58153,58957
2021-10-28,58957,62321,57964,61465
2021-10-29,61398,62943,60315,62420
2021-10-30,62420,62490,60876,61705
2021-10-31,61698,62400,60058,60968
2021-11-01,60968,62466,59716,60652
2021-11-02,60652,64243,60460,63140
2021-11-03,63140,63543,61029,62769
2021-11-04,62769,63211,60776,61378
2021-11-05,61364,62571,60791,60966
2021-11-06,60966,61594,60184,61223
2021-11-07,61226,63058,61226,62862
2021-11-08,62862,66504,62817,66175
2021-11-09,66143,68494,66112,67802
2021-11-10,67802,68925,63052,64387
2021-11-11,64193,65597,63984,65030
2021-11-12,65030,65459,62334,64072
2021-11-13,64130,64941,63412,64317
2021-11-14,64317,65297,63673,64373
2021-11-15,64361,66311,63659,63864
2021-11-16,63864,64015,58870,60557
2021-11-17,60509,61067,58567,60101
2021-11-18,60101,60956,56777,57583
2021-11-19,57606,58396,55688,57924
2021-11-20,57924,59725,57570,59682
2021-11-21,59682,60044,58630,59568
2021-11-22,59568,59574,55706,56278
2021-11-23,56278,57847,55537,57696
2021-11-24,57696,57755,55928,57334
2021-11-25,57334,59399,56918,58834
2021-11-26,58834,59342,53577,54101
2021-11-27,54101,55339,53605,54601
2021-11-28,54601,56402,53578,56281
2021-11-29,56281,58878,56104,58266
2021-11-30,58266,59146,55932,57144
2021-12-01,57144,59093,56547,57026
2021-12-02,57026,57362,55859,56904
2021-12-03,56904,57464,52653,53672
2021-12-04,53648,53874,42169,48745
2021-12-05,48770,49746,47892,49275
2021-12-06,49275,50426,47290,50007
2021-12-07,50126,51942,50126,50500
2021-12-08,50500,51182,48750,50634
2021-12-09,50634,50851,47377,47996
2021-12-10,47996,49982,47355,47984
2021-12-11,47984,49285,46880,48847
2021-12-12,48847,50767,48672,49981
2021-12-13,49981,50380,45871,46892
2021-12-14,46892,48639,46378,48280
2021-12-15,48280,49495,46631,49221
2021-12-16,49221,49398,47715,48139
2021-12-17,48139,48163,45539,46946
2021-12-18,46946,47335,45557,46941
2021-12-19,46941,48285,46468,46741
2021-12-20,46741,47524,45581,47013
2021-12-21,47013,49318,46676,49059
2021-12-22,49103,49557,48477,49082
2021-12-23,49082,51364,48077,50843
2021-12-24,50849,51836,50513,50898
2021-12-25,50898,51144,50220,51001
2021-12-26,51003,51003,49568,50802
2021-12-27,50802,51976,50487,50996
2021-12-28,50990,51228,47330,47586
2021-12-29,47586,48152,46664,47210
2021-12-30,47233,47893,46019,47239
2021-12-31,47239,48564,45715,46322
2022-01-01,46338,47912,46196,47312
2022-01-02,47312,47946,46709,47021
2022-01-03,47026,47544,45745,46055
2022-01-04,46055,47490,45586,46298
2022-01-05,46298,46851,43522,43658
2022-01-06,43658,43764,42529,43114
2022-01-07,43114,43233,40769,41908
2022-01-08,41884,42206,40614,41786
2022-01-09,41786,42771,41285,42334
2022-01-10,42314,42484,39712,41705
2022-01-11,41705,43109,41304,42686
2022-01-12,42686,44303,42498,43815
2022-01-13,43815,44401,42354,42826
2022-01-14,42826,43411,41865,43329
2022-01-15,43329,43775,42620,43346
2022-01-16,43332,43472,42622,43011
2022-01-17,43011,43275,41632,41741
2022-01-18,41741,42476,41319,42401
2022-01-19,42401,42604,41200,41739
2022-01-20,41733,43517,41389,41391
2022-01-21,41391,41524,36208,36689
2022-01-22,36701,37149,34163,35461
2022-01-23,35461,36157,34694,35389
2022-01-24,35379,37397,33070,36851
2022-01-25,36851,37501,35741,36632
2022-01-26,36632,38874,36371,36371
2022-01-27,36371,37168,35551,36223
2022-01-28,36223,38009,35934,37818
2022-01-29,37818,38673,37362,38437
2022-01-30,38437,38437,37411,37747
2022-01-31,37747,38728,36703,38444
2022-02-01,38444,39261,38051,38741
2022-02-02,38741,38900,36686,36877
2022-02-03,36877,37220,36279,36964
2022-02-04,36967,40890,36833,40647
2022-02-05,40647,41919,40410,41718
2022-02-06,41670,42094,41229,41693
2022-02-07,41693,44495,41609,44050
2022-02-08,44050,45403,42727,44264
2022-02-09,44264,44837,43202,44502
2022-02-10,44502,45758,43350,43753
2022-02-11,43753,44113,42253,42561
2022-02-12,42561,43025,41816,41910
2022-02-13,41910,42743,41889,42259
2022-02-14,42259,42843,41646,42257
2022-02-15,42257,44512,42243,44007
2022-02-16,44007,44741,43415,44091
2022-02-17,44091,44181,40128,40708
2022-02-18,40708,40964,39622,39996
2022-02-19,39996,40467,39690,39936
2022-02-20,39936,40152,38037,38249
2022-02-21,38249,39464,37193,37193
2022-02-22,37018,38269,36420,37913
2022-02-23,37913,39214,37441,37571
2022-02-24,37521,39136,34413,38396
2022-02-25,38396,39681,37801,39009
2022-02-26,38992,40081,38661,39479
2022-02-27,39479,39834,37063,37461
2022-02-28,37440,41928,37428,41650
2022-03-01,41650,44957,41650,43870
2022-03-02,43899,45309,43372,43950
2022-03-03,43950,44224,41848,42127
2022-03-04,42117,42659,39106,39410
2022-03-05,39410,39583,38641,39396
2022-03-06,39378,39660,38144,38994
2022-03-07,38994,39534,37187,37873
2022-03-08,37873,39372,37823,38545
2022-03-09,38545,42552,38515,41910
2022-03-10,41910,42123,38770,39302
2022-03-11,39330,40189,38261,38869
2022-03-12,38864,39364,38713,39103
2022-03-13,39103,39237,38424,38677
2022-03-14,38692,39275,37624,38737
2022-03-15,38737,39864,38184,39416
2022-03-16,39452,41649,38980,41252
2022-03-17,41252,41444,40612,40717
2022-03-18,40723,42296,40228,41849
2022-03-19,41849,42374,41564,42256
2022-03-20,42256,42366,40966,41308
2022-03-21,41308,41514,40550,41186
2022-03-22,41186,43253,40915,42611
2022-03-23,42611,42863,41809,42350
2022-03-24,42350,44215,42276,43914
2022-03-25,43914,45097,43641,44564
2022-03-26,44600,44801,44131,44608
2022-03-27,44608,46402,44289,46073
2022-03-28,46105,48174,45912,47944
2022-03-29,47944,48103,47002,47406
2022-03-30,47470,47705,46645,47232
2022-03-31,47232,47573,45542,45760
2022-04-01,45760,46696,44310,46175
2022-04-02,46175,47183,45681,46208
2022-04-03,46208,46766,45580,46391
2022-04-04,46391,47367,45174,46304
2022-04-05,46304,47158,45593,45707
2022-04-06,45707,46042,43343,43898
2022-04-07,43905,44002,42784,43573
2022-04-08,43573,43962,42557,42750
2022-04-09,42808,42859,42138,42459
2022-04-10,42459,43398,42430,43154
2022-04-11,43147,43242,39629,39850
2022-04-12,39850,40641,39301,39536
2022-04-13,39536,41499,39498,41245
2022-04-14,41245,41476,39626,39896
2022-04-15,39896,40727,39807,40409
2022-04-16,40404,40657,40044,40356
2022-04-17,40356,40712,39927,40295
2022-04-18,40295,40911,38639,40665
2022-04-19,40665,41750,40609,41300
2022-04-20,41300,42202,40935,41435
2022-04-21,41435,42949,40647,40647
2022-04-22,40647,40842,39214,39597
2022-04-23,39597,39974,39331,39794
2022-04-24,39794,39937,39046,39539
2022-04-25,39539,40316,38292,40140
2022-04-26,40140,40748,37757,38128
2022-04-27,38128,39451,37746,39095
2022-04-28,39095,40338,38877,39928
2022-04-29,39928,39989,38213,38559
2022-04-30,38559,38776,38201,38332
2022-05-01,38332,38660,37510,38196
2022-05-02,38196,39108,38102,38321
2022-05-03,38321,38854,37543,37633
2022-05-04,37633,39890,37633,39780
2022-05-05,39780,39860,35690,36432
2022-05-06,36432,36648,35387,36074
2022-05-07,36074,36140,35749,35775
2022-05-08,35775,35816,33766,34604
2022-05-09,34604,34604,30416,31076
2022-05-10,31076,32624,29842,30960
2022-05-11,30960,32075,28233,28315
2022-05-12,28315,30079,25805,28572
2022-05-13,28572,30994,27968,29800
2022-05-14,29800,30079,28661,29370
2022-05-15,29370,31061,29345,30991
2022-05-16,30991,31346,29179,29880
2022-05-17,29880,30721,29465,30081
2022-05-18,30081,30664,28749,29205
2022-05-19,29205,30483,28637,30214
2022-05-20,30214,30700,28714,29121
2022-05-21,29121,29597,28949,29380
2022-05-22,29380,30259,29254,29910
2022-05-23,29910,30615,29054,29289
2022-05-24,29289,29544,28665,29429
2022-05-25,29429,30175,29345,29762
2022-05-26,29762,29842,28158,29447
2022-05-27,29447,29643,28256,28739
2022-05-28,28739,29222,28524,28996
2022-05-29,28996,29428,28824,29162
2022-05-30,29162,31302,29153,31271
2022-05-31,31271,32324,31206,31757
2022-06-01,31757,31957,29367,29645
2022-06-02,29645,30350,29504,30242
2022-06-03,30242,30667,29355,29652
2022-06-04,29649,29888,29482,29726
2022-06-05,29726,30149,29539,29945
2022-06-06,29941,31735,29817,31432
2022-06-07,31432,31554,29230,31341
2022-06-08,31341,31515,29874,30202
2022-06-09,30202,30653,29961,30139
2022-06-10,30148,30286,28891,29194
2022-06-11,29194,29409,28173,28393
2022-06-12,28403,28659,26947,27383
2022-06-13,27383,27513,22617,23251
2022-06-14,23238,23329,20889,21992
2022-06-15,21992,22229,20111,21685
2022-06-16,21693,22899,20522,20683
2022-06-17,20683,21268,20219,20627
2022-06-18,20618,20723,17630,17727
2022-06-19,17727,20635,17727,20501
2022-06-20,20501,20940,19840,20444
2022-06-21,20444,21664,20257,20836
2022-06-22,20836,20979,19781,19898
2022-06-23,19898,21023,19827,20802
2022-06-24,20797,21351,20676,21194
2022-06-25,21194,21524,20916,21222
2022-06-26,21222,21857,21138,21390
2022-06-27,21390,21490,20553,20900
2022-06-28,20900,21174,20198,20253
2022-06-29,20253,20414,19885,20171
2022-06-30,20188,20314,18669,18731
2022-07-01,18731,20742,18706,19414
2022-07-02,19420,19489,18997,19295
2022-07-03,19295,19319,18782,19106
2022-07-04,19106,19850,19044,19532
2022-07-05,19532,20692,19395,20459
2022-07-06,20439,20457,19765,20394
2022-07-07,20394,21808,20258,21608
2022-07-08,21608,22336,21208,21834
2022-07-09,21834,21997,21323,21668
2022-07-10,21686,21737,20684,20960
2022-07-11,20960,21158,20301,20396
2022-07-12,20402,20403,19306,19434
2022-07-13,19434,20013,18975,19663
2022-07-14,19663,20835,19642,20660
2022-07-15,20660,21181,20384,20925
2022-07-16,20925,21561,20481,21165
2022-07-17,21165,21645,20853,20938
2022-07-18,20938,22725,20756,21514
2022-07-19,21514,23660,21456,23308
2022-07-20,23308,24258,22925,23305
2022-07-21,23305,23780,22376,23134
2022-07-22,23134,23689,22532,22603
2022-07-23,22603,22999,21978,22319
2022-07-24,22319,22876,22242,22749
2022-07-25,22749,23007,21582,22166
2022-07-26,22166,22176,20753,20964
2022-07-27,20964,23026,20834,22795
2022-07-28,22795,24167,22586,24012
2022-07-29,24012,24310,23486,23952
2022-07-30,23952,24613,23704,23979
2022-07-31,23979,24164,23439,23804
2022-08-01,23804,23824,22878,23027
2022-08-02,23027,23450,22679,23015
2022-08-03,23015,23607,22698,23324
2022-08-04,23324,23367,22443,22503
2022-08-05,22503,23455,22467,22969
2022-08-06,22969,23347,22969,23167
2022-08-07,23167,23285,22863,23271
2022-08-08,23271,24234,23081,24073
2022-08-09,24073,24073,22898,23147
2022-08-10,23147,24117,22720,23880
2022-08-11,23909,24859,23792,24214
2022-08-12,24214,24311,23634,24244
2022-08-13,24235,24886,24090,24505
2022-08-14,24505,24992,24178,24327
2022-08-15,24320,25199,23912,24070
2022-08-16,24070,24253,23669,23973
2022-08-17,23973,24447,23206,23408
2022-08-18,23408,23577,23236,23417
2022-08-19,23413,23426,21189,21278
2022-08-20,21278,21361,20820,20856
2022-08-21,20856,21723,20813,21520
2022-08-22,21520,21688,20958,21107
2022-08-23,21126,21597,20925,21489
2022-08-24,21489,21879,21173,21697
2022-08-25,21693,21806,21306,21647
2022-08-26,21647,21795,20565,20667
2022-08-27,20657,20683,19873,20000
2022-08-28,20000,20152,19836,19999
2022-08-29,19999,20379,19544,20188
2022-08-30,20188,20567,19583,19975
2022-08-31,19975,20476,19763,20207
2022-09-01,20207,20291,19591,20076
2022-09-02,20076,20411,19778,19965
2022-09-03,19965,20044,19663,19739
2022-09-04,19739,19936,19605,19898
2022-09-05,19898,20048,19646,19743
2022-09-06,19743,20147,18734,18962
2022-09-07,18962,19447,18582,19393
2022-09-08,19393,19450,19083,19371
2022-09-09,19371,21411,19258,21285
2022-09-10,21285,21712,21192,21487
2022-09-11,21487,21860,21426,21643
2022-09-12,21643,22467,21500,22396
2022-09-13,22396,22733,20079,20254
2022-09-14,20254,20487,19646,19948
2022-09-15,19948,20376,19555,19836
2022-09-16,19836,19896,19360,19743
2022-09-17,19743,20178,19705,20081
2022-09-18,20081,20147,19597,19721
2022-09-19,19721,19721,18397,19520
2022-09-20,19520,19663,18803,18970
2022-09-21,18976,19713,18808,18918
2022-09-22,18918,19470,18189,19247
2022-09-23,19247,19481,18571,18852
2022-09-24,18852,19386,18813,19138
2022-09-25,19138,19142,18817,18888
2022-09-26,18888,19288,18662,19135
2022-09-27,19121,20366,18854,19055
2022-09-28,19055,19623,18506,19565
2022-09-29,19574,19726,18825,19483
2022-09-30,19483,20131,19198,19420
2022-10-01,19425,19476,19218,19250
2022-10-02,19250,19391,19062,19231
2022-10-03,19227,19630,18945,19590
2022-10-04,19590,20420,19511,20350
2022-10-05,20350,20402,19779,20022
2022-10-06,20022,20438,19890,20049
2022-10-07,20055,20055,19351,19549
2022-10-08,19549,19643,19424,19461
2022-10-09,19461,19558,19278,19477
2022-10-10,19477,19518,19137,19243
2022-10-11,19243,19270,18888,19026
2022-10-12,19026,19188,18999,19148
2022-10-13,19163,19501,18271,19382
2022-10-14,19382,19916,19139,19187
2022-10-15,19186,19219,19052,19103
2022-10-16,19103,19395,19010,19352
2022-10-17,19349,19631,19128,19527
2022-10-18,19527,19683,19113,19373
2022-10-19,19365,19375,19113,19196
2022-10-20,19196,19302,18937,19022
2022-10-21,19027,19227,18734,19179
2022-10-22,19179,19252,19118,19220
2022-10-23,19218,19517,19081,19498
2022-10-24,19498,19674,19168,19374
2022-10-25,19374,20397,19240,20172
2022-10-26,20172,20985,20023,20754
2022-10-27,20754,20901,20261,20418
2022-10-28,20418,20738,20055,20649
2022-10-29,20634,21020,20566,20865
2022-10-30,20865,20944,20578,20688
2022-10-31,20683,20819,20274,20407
2022-11-01,20407,20670,20368,20481
2022-11-02,20481,20739,20118,20192
2022-11-03,20192,20387,20063,20240
2022-11-04,20240,21200,20164,21147
2022-11-05,21147,21486,21085,21367
2022-11-06,21367,21372,21125,21132
2022-11-07,21132,21179,20621,20667
2022-11-08,20667,20667,17302,18711
2022-11-09,18711,18724,15691,15788
2022-11-10,15788,18096,15614,17807
2022-11-11,17807,17857,16429,16773
2022-11-12,16773,17092,16619,16793
2022-11-13,16793,16911,16250,16380
2022-11-14,16380,17111,15807,16393
2022-11-15,16393,17094,16344,16880
2022-11-16,16880,16968,16381,16538
2022-11-17,16538,16723,16407,16681
2022-11-18,16681,16963,16544,16640
2022-11-19,16640,16703,16552,16665
2022-11-20,16665,16799,16236,16251
2022-11-21,16251,16331,15508,15602
2022-11-22,15602,16251,15599,16137
2022-11-23,16137,16622,16091,16482
2022-11-24,16482,16769,16448,16537
2022-11-25,16537,16606,16352,16503
2022-11-26,16503,16678,16425,16507
2022-11-27,16507,16587,16390,16570
2022-11-28,16570,16586,16018,16193
2022-11-29,16193,16528,16094,16454
2022-11-30,16454,17103,16429,17102
2022-12-01,17102,17211,16876,16931
2022-12-02,16931,17098,16859,17016
2022-12-03,17016,17133,16907,16957
2022-12-04,16957,17151,16876,17113
2022-12-05,17113,17416,16890,16970
2022-12-06,16970,17092,16920,16994
2022-12-07,16994,17125,16692,16833
2022-12-08,16833,17288,16763,17178
2022-12-09,17178,17274,17077,17109
2022-12-10,17109,17219,17106,17129
2022-12-11,17129,17258,17093,17109
2022-12-12,17109,17191,16884,17153
2022-12-13,17153,17889,17094,17764
2022-12-14,17764,18338,17698,17818
2022-12-15,17818,17861,17340,17384
2022-12-16,17384,17524,16754,16835
2022-12-17,16835,16869,16534,16709
2022-12-18,16709,16796,16671,16750
2022-12-19,16750,16820,16499,16583
2022-12-20,16583,17023,16300,16883
2022-12-21,16883,16923,16729,16790
2022-12-22,16790,16862,16569,16791
2022-12-23,16791,16900,16769,16815
2022-12-24,16815,16865,16765,16836
2022-12-25,16836,16863,16744,16823
2022-12-26,16823,16910,16794,16821
2022-12-27,16821,16957,16603,16698
2022-12-28,16698,16759,16478,16517
2022-12-29,16517,16656,16478,16599
2022-12-30,16599,16644,16340,16576
2022-12-31,16576,16634,16541,16549
2023-01-01,16549,16617,16491,16591
2023-01-02,16591,16758,16544,16725
2023-01-03,16725,16799,16609,16667
2023-01-04,16667,16980,16641,16820
2023-01-05,16821,16846,16771,16846
2023-01-06,16846,17002,16698,16929
2023-01-07,16929,16981,16909,16943
2023-01-08,16943,17007,16913,16953
2023-01-09,16955,17399,16952,17190
2023-01-10,17190,17489,17134,17475
2023-01-11,17475,17570,17323,17556
2023-01-12,17556,19051,17517,18822
2023-01-13,18836,19866,18727,19818
2023-01-14,19818,21204,19751,20888
2023-01-15,20900,21066,20577,20898
2023-01-16,20898,21413,20700,21129
2023-01-17,21130,21427,20906,21330
2023-01-18,21330,21532,20502,20775
2023-01-19,20772,21162,20659,20941
2023-01-20,20941,22387,20887,22336
2023-01-21,22336,23318,22328,23199
2023-01-22,23199,23215,22357,22579
2023-01-23,22599,23137,22550,22989
2023-01-24,22989,23158,22783,22900
2023-01-25,22903,23641,22358,23576
2023-01-26,23576,23762,22856,23068
2023-01-27,23072,23478,22587,23097
2023-01-28,23097,23184,22900,23005
2023-01-29,23005,23940,22975,23792
2023-01-30,23792,23870,22644,22732
2023-01-31,22743,23182,22549,22950
2023-02-01,22950,23789,22820,23678
2023-02-02,23678,24205,23581,23598
2023-02-03,23598,23706,23244,23387
2023-02-04,23380,23575,23278,23417
2023-02-05,23417,23452,22782,22896
2023-02-06,22896,23150,22643,22918
2023-02-07,22918,23297,22650,23201
2023-02-08,23191,23405,22711,22960
2023-02-09,22960,22999,21757,21841
2023-02-10,21841,21940,21507,21543
2023-02-11,21543,21839,21527,21829
2023-02-12,21829,22086,21714,21739
2023-02-13,21739,21894,21437,21621
2023-02-14,21624,22304,21611,22251
2023-02-15,22251,24189,22066,24173
2023-02-16,24173,25193,24145,24520
2023-02-17,24520,24987,23382,24593
2023-02-18,24593,24839,24116,24624
2023-02-19,24624,25175,24308,24544
2023-02-20,24544,25098,23896,24762
2023-02-21,24762,25147,24183,24183
2023-02-22,24183,24468,23604,23804
2023-02-23,23804,24592,23623,23897
2023-02-24,23897,24118,22934,23131
2023-02-25,23131,23241,22802,22951
2023-02-26,22951,23677,22931,23565
2023-02-27,23564,23869,23172,23386
2023-02-28,23386,23613,23056,23159
2023-03-01,23142,23942,23046,23542
2023-03-02,23542,23783,23219,23427
2023-03-03,23417,23549,22111,22246
2023-03-04,22246,22411,22170,22224
2023-03-05,22226,22633,22215,22482
2023-03-06,22482,22571,22313,22401
2023-03-07,22404,22529,21971,22050
2023-03-08,22050,22267,21883,22006
2023-03-09,22005,22005,20125,20244
2023-03-10,20244,20475,19594,20091
2023-03-11,20096,20784,19889,20453
2023-03-12,20453,21432,20392,21397
2023-03-13,21403,24538,21255,24126
2023-03-14,24126,26425,23951,24674
2023-03-15,24674,25260,23989,24371
2023-03-16,24369,25187,24215,24701
2023-03-17,24701,26991,24701,26791
2023-03-18,26791,27788,26791,27413
2023-03-19,27413,28432,26912,27963
2023-03-20,27963,28502,27201,28047
2023-03-21,28047,28462,27421,28117
2023-03-22,28117,28796,26700,27360
2023-03-23,27381,28732,27041,28312
2023-03-24,28312,28447,27548,27632
2023-03-25,27617,27806,27067,27387
2023-03-26,27387,28186,27384,27811
2023-03-27,27812,28133,26576,27041
2023-03-28,27041,27492,26674,27329
2023-03-29,27323,28612,27129,28385
2023-03-30,28385,29140,27770,28154
2023-03-31,28164,28654,27554,28392
2023-04-01,28392,28815,28316,28467
2023-04-02,28467,28570,27953,28089
2023-04-03,28089,28463,27573,27573
2023-04-04,27577,28427,27337,28266
2023-04-05,28266,28722,27826,28185
2023-04-06,28185,28230,27778,27982
2023-04-07,27982,28103,27801,27855
2023-04-08,27855,28188,27847,27961
2023-04-09,27961,28298,27899,28108
2023-04-10,28108,29258,28108,29111
2023-04-11,29111,30488,29089,30173
2023-04-12,30173,30410,29739,29963
2023-04-13,29963,30557,29818,30311
2023-04-14,30311,30976,30052,30442
2023-04-15,30442,30691,30312,30375
2023-04-16,30375,30606,30236,30339
2023-04-17,30339,30410,29292,29474
2023-04-18,29478,30454,29171,30403
2023-04-19,30403,30405,29123,29269
2023-04-20,29269,29269,28068,28196
2023-04-21,28196,28352,27213,27299
2023-04-22,27299,27871,27263,27798
2023-04-23,27798,28003,27489,27509
2023-04-24,27509,27985,27039,27434
2023-04-25,27434,28043,27183,27991
2023-04-26,27991,29963,27419,28289
2023-04-27,28289,29856,28152,29596
2023-04-28,29596,29782,28934,29350
2023-04-29,29350,29537,29123,29296
2023-04-30,29296,30006,29156,29348
2023-05-01,29348,29482,27705,27705
2023-05-02,27705,28876,27700,28705
2023-05-03,28705,28794,28173,28512
2023-05-04,28512,29369,28512,28891
2023-05-05,28891,29677,28776,29531
2023-05-06,29531,29983,28567,28961
2023-05-07,28961,29261,28834,28926
2023-05-08,28926,28995,27297,27565
2023-05-09,27565,27837,27403,27670
2023-05-10,27670,28297,26967,27896
2023-05-11,27884,27887,26767,27027
2023-05-12,27027,27085,25883,26456
2023-05-13,26451,27082,26451,26998
2023-05-14,26997,27227,26715,26949
2023-05-15,26949,27652,26761,27355
2023-05-16,27355,27388,26890,26959
2023-05-17,26959,27449,26587,27339
2023-05-18,27339,27465,26397,26741
2023-05-19,26741,27139,26642,26836
2023-05-20,26836,27159,26836,27027
2023-05-21,27027,27255,26819,26855
2023-05-22,26855,27048,26555,26895
2023-05-23,26895,27429,26802,27216
2023-05-24,27216,27241,26111,26443
2023-05-25,26443,26614,25924,26481
2023-05-26,26481,26913,26338,26752
2023-05-27,26752,26832,26629,26759
2023-05-28,26759,27661,26747,27552
2023-05-29,27552,28419,27537,27680
2023-05-30,27680,28019,27573,27777
2023-05-31,27777,27837,26884,27120
2023-06-01,27120,27334,26662,26866
2023-06-02,26866,27284,26590,27200
2023-06-03,27200,27322,27080,27082
2023-06-04,27082,27294,26967,27254
2023-06-05,27254,27418,25438,25636
2023-06-06,25641,27176,25407,26955
2023-06-07,26955,27294,26258,26355
2023-06-08,26354,26764,26153,26637
2023-06-09,26637,26757,26325,26446
2023-06-10,26481.76171875,26531.044921875,25501.8359375,25851.240234375
2023-06-11,25854.03125,26203.439453125,25668.986328125,25940.16796875
2023-06-12,25934.28515625,26087.919921875,25675.197265625,25902.5
2023-06-13,25902.94140625,26376.3515625,25728.365234375,25918.728515625
2023-06-14,25920.2578125,26041.80078125,24902.15234375,25124.67578125
2023-06-15,25121.673828125,25735.30859375,24797.16796875,25576.39453125
2023-06-16,25575.283203125,26463.173828125,25245.357421875,26327.462890625
2023-06-17,26328.6796875,26769.39453125,26174.4921875,26510.67578125
2023-06-18,26510.45703125,26675.92578125,26325.890625,26336.212890625
2023-06-19,26335.44140625,26984.611328125,26312.83203125,26851.029296875
2023-06-20,26841.6640625,28388.96875,26668.791015625,28327.48828125
2023-06-21,28311.310546875,30737.330078125,28283.41015625,30027.296875
2023-06-22,29995.935546875,30495.998046875,29679.158203125,29912.28125
2023-06-23,29896.3828125,31389.5390625,29845.21484375,30695.46875
2023-06-24,30708.73828125,30804.1484375,30290.146484375,30548.6953125
2023-06-25,30545.150390625,31041.271484375,30327.943359375,30480.26171875
2023-06-26,30480.5234375,30636.029296875,29955.744140625,30271.130859375
2023-06-27,30274.3203125,31006.787109375,30236.650390625,30688.1640625
2023-06-28,30696.560546875,30703.279296875,29921.822265625,30086.24609375
2023-06-29,30081.42578125,30796.25,30072.4765625,30447.185546875
